,xmin,ymin,xmax,ymax,confidence,class,name
0,17.666851043701172,28.69308853149414,160.99366760253906,118.23442077636719,0.7110481858253479,16,dog
